{
  "train_size": 10500,
  "val_size": 2250,
  "test_size": 2250,
  "n_features": 53,
  "feature_names": [
    "form_fill_time_sec",
    "mouse_entropy",
    "keystroke_interval_ms",
    "scroll_depth_pct",
    "page_view_time_sec",
    "request_rate_per_sec",
    "otp_solve_time_sec",
    "device_consistency_score",
    "tls_signature_entropy",
    "geo_variance_km",
    "user_agent_diversity",
    "inter_request_variance_ms",
    "burst_alignment_score",
    "form_fill_efficiency",
    "mouse_activity_anomaly",
    "keystroke_consistency",
    "page_interaction_depth",
    "content_consumption_speed",
    "otp_solve_speed",
    "form_fill_volatility_indicator",
    "behavioral_entropy",
    "tls_signature_stability",
    "tls_jitter_anomaly",
    "device_fingerprint_reuse_count",
    "device_consistency_anomaly",
    "ja3_hash_stability",
    "geographic_anomaly",
    "user_agent_volatility",
    "ip_reputation_proxy_signal",
    "vpn_or_proxy_detected",
    "datacenter_ip_probability",
    "burst_window_anomaly",
    "inter_request_timing_regularity",
    "request_rate_anomaly",
    "rapid_request_detection",
    "request_burst_intensity",
    "time_to_release_minutes",
    "session_duration_sec",
    "session_duration_anomaly",
    "requests_per_session",
    "requests_per_session_zscore",
    "pnr_search_velocity",
    "checkout_attempts_per_session",
    "concurrent_session_spike",
    "volume_anomaly_score",
    "account_age_days_proxy",
    "aadhaar_verified",
    "prior_fraud_flag",
    "blacklist_match_probability",
    "behavioral_risk_score",
    "device_risk_score",
    "temporal_risk_score",
    "ensemble_bot_probability"
  ],
  "class_weight_dict": {
    "0": 0.6586375611592021,
    "1": 2.0759193357058128
  },
  "scaler_mean": [
    12.392448549048092,
    0.5959606379669498,
    70.87101710795773,
    56.71226606335323,
    11.935201910013392,
    3.746946551359695,
    19.438811275247218,
    0.8812613079192539,
    0.23918185336573713,
    1.5568915035229967,
    1.116952380952381,
    862.6166426327205,
    0.31918488981337123,
    2.2181724861881973,
    0.4040393620330503,
    1.1976102013654335,
    1.134245321267065,
    1.8955065495444297,
    3.5693874798366907,
    2.429891872362371,
    40.14287120400154,
    0.7608181466342627,
    0.37761904761904763,
    34.243809523809524,
    0.11873869208074603,
    0.8812613079192539,
    0.40495238095238095,
    3.883047619047619,
    0.5738406231702192,
    0.5491428571428572,
    0.4075238095238095,
    0.31918488981337123,
    1.6022054981710965,
    1.8734732756798476,
    0.24085714285714285,
    0.25862033799632533,
    0.7080806199278983,
    43.7664617343087,
    0.1976190476190476,
    1.411616191351937,
    -1.7176767617296127,
    7.0817477212377495,
    5.600380952380952,
    0.12047619047619047,
    0.0,
    77.4435906837738,
    0.762095238095238,
    0.2081904761904762,
    0.21933249131019295,
    1.2732740165288938,
    0.4844658206284094,
    1.264954554554772,
    0.6809858228699288
  ],
  "scaler_scale": [
    9.284080740294831,
    0.3077292643434038,
    31.26121671927601,
    28.153820193122527,
    8.866416027581197,
    3.869627547225809,
    14.267949982231997,
    0.0930554455960204,
    0.11905719792318242,
    1.9417022874934864,
    0.32136353486659014,
    616.6988259728814,
    0.31321399646950077,
    1.8365350581209925,
    0.3077292643434038,
    0.5077767678779267,
    0.5630764038624505,
    1.7879925205768716,
    5.313399537636086,
    1.8204079882931041,
    18.22176480622743,
    0.11905719792318242,
    0.48479160728536863,
    56.210012535998,
    0.0930554455960204,
    0.0930554455960204,
    0.49088282727487903,
    0.32136353486659014,
    0.28649446428443665,
    0.49757911892666556,
    0.4913737418656102,
    0.31321399646950077,
    1.9790572519314806,
    1.9348137736129045,
    0.4276037647072775,
    0.33637668624231926,
    151.72094640374414,
    26.246354918480556,
    0.39820316377094267,
    0.8469592034787657,
    0.16939184069575317,
    13.220104426485895,
    8.508310774520854,
    0.3255175540651151,
    1.0,
    94.36329125135515,
    0.4258005239167754,
    0.4060137951031454,
    0.30947939408696823,
    0.7887454294763541,
    0.10939346332497425,
    1.3256097070273247,
    0.21980015862871485
  ],
  "timestamp": "2025-12-22T21:53:30.740674"
}